,date,mark,comment
0,2021-10-01,-13,Coronavirus 2019-nCoV
1,2021-10-02,-13,Coronavirus 2019-nCoV
2,2021-10-03,-13,Coronavirus 2019-nCoV
3,2021-10-04,-13,Coronavirus 2019-nCoV
4,2021-10-05,-13,Coronavirus 2019-nCoV
5,2021-10-06,-13,Coronavirus 2019-nCoV
6,2021-10-07,-13,Coronavirus 2019-nCoV
7,2021-10-08,-13,Coronavirus 2019-nCoV
8,2021-10-09,-13,Coronavirus 2019-nCoV
9,2021-10-10,-13,Coronavirus 2019-nCoV
10,2021-10-11,-13,Coronavirus 2019-nCoV
11,2021-10-12,-13,Coronavirus 2019-nCoV
12,2021-10-13,-13,Coronavirus 2019-nCoV
13,2021-10-14,-13,Coronavirus 2019-nCoV
14,2021-10-15,-13,Coronavirus 2019-nCoV
15,2021-10-16,-13,Coronavirus 2019-nCoV
16,2021-10-17,-13,Coronavirus 2019-nCoV
17,2021-10-18,-13,Coronavirus 2019-nCoV
18,2021-10-19,-13,Coronavirus 2019-nCoV
19,2021-10-20,-13,Coronavirus 2019-nCoV
20,2021-10-21,-13,Coronavirus 2019-nCoV
21,2021-10-22,-13,Coronavirus 2019-nCoV
22,2021-10-23,-13,Coronavirus 2019-nCoV
23,2021-10-24,-13,Coronavirus 2019-nCoV
24,2021-10-25,-13,Coronavirus 2019-nCoV
25,2021-10-26,-13,Coronavirus 2019-nCoV
26,2021-10-27,-13,Coronavirus 2019-nCoV
27,2021-10-28,-13,Coronavirus 2019-nCoV
28,2021-10-29,-13,Coronavirus 2019-nCoV
29,2021-10-30,-13,Coronavirus 2019-nCoV
30,2021-10-31,-13,Coronavirus 2019-nCoV
31,2021-11-01,-13,Coronavirus 2019-nCoV
32,2021-11-02,-13,Coronavirus 2019-nCoV
33,2021-11-03,-13,Coronavirus 2019-nCoV
34,2021-11-04,-13,Coronavirus 2019-nCoV
35,2021-11-05,-13,Coronavirus 2019-nCoV
36,2021-11-06,-13,Coronavirus 2019-nCoV
37,2021-11-07,-13,Coronavirus 2019-nCoV
38,2021-11-08,-13,Coronavirus 2019-nCoV
39,2021-11-09,-13,Coronavirus 2019-nCoV
40,2021-11-10,-13,Coronavirus 2019-nCoV
41,2021-11-11,-13,Coronavirus 2019-nCoV
42,2021-11-12,-13,Coronavirus 2019-nCoV
43,2021-11-13,-13,Coronavirus 2019-nCoV
44,2021-11-14,-13,Coronavirus 2019-nCoV
45,2021-11-15,-13,Coronavirus 2019-nCoV
46,2021-11-16,-13,Coronavirus 2019-nCoV
47,2021-11-17,-13,Coronavirus 2019-nCoV
48,2021-11-18,-13,Coronavirus 2019-nCoV
49,2021-11-19,-13,Coronavirus 2019-nCoV
50,2021-11-20,-13,Coronavirus 2019-nCoV
51,2021-11-21,-13,Coronavirus 2019-nCoV
52,2021-11-22,-13,Coronavirus 2019-nCoV
53,2021-11-23,-13,Coronavirus 2019-nCoV
54,2021-11-24,-13,Coronavirus 2019-nCoV
55,2021-11-25,-13,Coronavirus 2019-nCoV
56,2021-11-26,-13,Coronavirus 2019-nCoV
57,2021-11-27,-13,Coronavirus 2019-nCoV
58,2021-11-28,-13,Coronavirus 2019-nCoV
59,2021-11-29,-13,Coronavirus 2019-nCoV
60,2021-11-30,-13,Coronavirus 2019-nCoV
61,2021-12-01,-13,Coronavirus 2019-nCoV
62,2021-12-02,-13,Coronavirus 2019-nCoV
63,2021-12-03,-13,Coronavirus 2019-nCoV
64,2021-12-04,-13,Coronavirus 2019-nCoV
65,2021-12-05,-13,Coronavirus 2019-nCoV
66,2021-12-06,-13,Coronavirus 2019-nCoV
67,2021-12-07,-13,Coronavirus 2019-nCoV
68,2021-12-08,-13,Coronavirus 2019-nCoV
69,2021-12-09,-13,Coronavirus 2019-nCoV
70,2021-12-10,-13,Coronavirus 2019-nCoV
71,2021-12-11,-13,Coronavirus 2019-nCoV
72,2021-12-12,-13,Coronavirus 2019-nCoV
73,2021-12-13,-13,Coronavirus 2019-nCoV
74,2021-12-14,-13,Coronavirus 2019-nCoV
75,2021-12-15,-13,Coronavirus 2019-nCoV
76,2021-12-16,-13,Coronavirus 2019-nCoV
77,2021-12-17,-13,Coronavirus 2019-nCoV
78,2021-12-18,-13,Coronavirus 2019-nCoV
79,2021-12-19,-13,Coronavirus 2019-nCoV
80,2021-12-20,-13,Coronavirus 2019-nCoV
81,2021-12-21,-13,Coronavirus 2019-nCoV
82,2021-12-22,-13,Coronavirus 2019-nCoV
83,2021-12-23,-13,Coronavirus 2019-nCoV
84,2021-12-24,-13,Coronavirus 2019-nCoV
85,2021-12-25,-13,Coronavirus 2019-nCoV
86,2021-12-26,-13,Coronavirus 2019-nCoV
87,2021-12-27,-13,Coronavirus 2019-nCoV
88,2021-12-28,-13,Coronavirus 2019-nCoV
89,2021-12-29,-13,Coronavirus 2019-nCoV
90,2021-12-30,-13,Coronavirus 2019-nCoV
91,2021-12-31,-13,Coronavirus 2019-nCoV
92,2021-09-25,-14,Coronavirus 2019-nCoV
93,2021-09-26,-14,Coronavirus 2019-nCoV
94,2021-09-27,-14,Coronavirus 2019-nCoV
95,2021-09-28,-14,Coronavirus 2019-nCoV
96,2021-09-29,-14,Coronavirus 2019-nCoV
97,2021-09-30,-14,Coronavirus 2019-nCoV
98,2021-09-19,-15,Coronavirus 2019-nCoV
99,2021-09-20,-15,Coronavirus 2019-nCoV
100,2021-09-21,-15,Coronavirus 2019-nCoV
101,2021-09-22,-15,Coronavirus 2019-nCoV
102,2021-09-23,-15,Coronavirus 2019-nCoV
103,2021-09-24,-15,Coronavirus 2019-nCoV
104,2021-09-13,-16,Coronavirus 2019-nCoV
105,2021-09-14,-16,Coronavirus 2019-nCoV
106,2021-09-15,-16,Coronavirus 2019-nCoV
107,2021-09-16,-16,Coronavirus 2019-nCoV
108,2021-09-17,-16,Coronavirus 2019-nCoV
109,2021-09-18,-16,Coronavirus 2019-nCoV
110,2021-09-07,-17,Coronavirus 2019-nCoV
111,2021-09-08,-17,Coronavirus 2019-nCoV
112,2021-09-09,-17,Coronavirus 2019-nCoV
113,2021-09-10,-17,Coronavirus 2019-nCoV
114,2021-09-11,-17,Coronavirus 2019-nCoV
115,2021-09-12,-17,Coronavirus 2019-nCoV
116,2021-09-01,-18,Coronavirus 2019-nCoV
117,2021-09-02,-18,Coronavirus 2019-nCoV
118,2021-09-03,-18,Coronavirus 2019-nCoV
119,2021-09-04,-18,Coronavirus 2019-nCoV
120,2021-09-05,-18,Coronavirus 2019-nCoV
121,2021-09-06,-18,Coronavirus 2019-nCoV
122,2021-08-24,-19,Coronavirus 2019-nCoV
123,2021-08-25,-19,Coronavirus 2019-nCoV
124,2021-08-26,-19,Coronavirus 2019-nCoV
125,2021-08-27,-19,Coronavirus 2019-nCoV
126,2021-08-28,-19,Coronavirus 2019-nCoV
127,2021-08-29,-19,Coronavirus 2019-nCoV
128,2021-08-30,-19,Coronavirus 2019-nCoV
129,2021-08-31,-19,Coronavirus 2019-nCoV
130,2021-05-19,-20,Coronavirus 2019-nCoV
131,2021-05-20,-20,Coronavirus 2019-nCoV
132,2021-05-21,-20,Coronavirus 2019-nCoV
133,2021-05-22,-20,Coronavirus 2019-nCoV
134,2021-05-23,-20,Coronavirus 2019-nCoV
135,2021-05-24,-20,Coronavirus 2019-nCoV
136,2021-05-25,-20,Coronavirus 2019-nCoV
137,2021-05-26,-20,Coronavirus 2019-nCoV
138,2021-05-27,-20,Coronavirus 2019-nCoV
139,2021-05-28,-20,Coronavirus 2019-nCoV
140,2021-05-29,-20,Coronavirus 2019-nCoV
141,2021-05-30,-20,Coronavirus 2019-nCoV
142,2021-05-31,-20,Coronavirus 2019-nCoV
143,2021-06-01,-20,Coronavirus 2019-nCoV
144,2021-06-02,-20,Coronavirus 2019-nCoV
145,2021-06-03,-20,Coronavirus 2019-nCoV
146,2021-06-04,-20,Coronavirus 2019-nCoV
147,2021-06-05,-20,Coronavirus 2019-nCoV
148,2021-06-06,-20,Coronavirus 2019-nCoV
149,2021-06-07,-20,Coronavirus 2019-nCoV
150,2021-06-08,-20,Coronavirus 2019-nCoV
151,2021-06-09,-20,Coronavirus 2019-nCoV
152,2021-06-10,-20,Coronavirus 2019-nCoV
153,2021-06-11,-20,Coronavirus 2019-nCoV
154,2021-06-12,-20,Coronavirus 2019-nCoV
155,2021-06-13,-20,Coronavirus 2019-nCoV
156,2021-06-14,-20,Coronavirus 2019-nCoV
157,2021-06-15,-20,Coronavirus 2019-nCoV
158,2021-06-16,-20,Coronavirus 2019-nCoV
159,2021-06-17,-20,Coronavirus 2019-nCoV
160,2021-06-18,-20,Coronavirus 2019-nCoV
161,2021-06-19,-20,Coronavirus 2019-nCoV
162,2021-06-20,-20,Coronavirus 2019-nCoV
163,2021-06-21,-20,Coronavirus 2019-nCoV
164,2021-06-22,-20,Coronavirus 2019-nCoV
165,2021-06-23,-20,Coronavirus 2019-nCoV
166,2021-06-24,-20,Coronavirus 2019-nCoV
167,2021-06-25,-20,Coronavirus 2019-nCoV
168,2021-06-26,-20,Coronavirus 2019-nCoV
169,2021-06-27,-20,Coronavirus 2019-nCoV
170,2021-06-28,-20,Coronavirus 2019-nCoV
171,2021-06-29,-20,Coronavirus 2019-nCoV
172,2021-06-30,-20,Coronavirus 2019-nCoV
173,2021-07-01,-20,Coronavirus 2019-nCoV
174,2021-07-02,-20,Coronavirus 2019-nCoV
175,2021-07-03,-20,Coronavirus 2019-nCoV
176,2021-07-04,-20,Coronavirus 2019-nCoV
177,2021-07-05,-20,Coronavirus 2019-nCoV
178,2021-07-06,-20,Coronavirus 2019-nCoV
179,2021-07-07,-20,Coronavirus 2019-nCoV
180,2021-07-08,-20,Coronavirus 2019-nCoV
181,2021-07-09,-20,Coronavirus 2019-nCoV
182,2021-07-10,-20,Coronavirus 2019-nCoV
183,2021-07-11,-20,Coronavirus 2019-nCoV
184,2021-07-12,-20,Coronavirus 2019-nCoV
185,2021-07-13,-20,Coronavirus 2019-nCoV
186,2021-07-14,-20,Coronavirus 2019-nCoV
187,2021-07-15,-20,Coronavirus 2019-nCoV
188,2021-07-16,-20,Coronavirus 2019-nCoV
189,2021-07-17,-20,Coronavirus 2019-nCoV
190,2021-07-18,-20,Coronavirus 2019-nCoV
191,2021-07-19,-20,Coronavirus 2019-nCoV
192,2021-07-20,-20,Coronavirus 2019-nCoV
193,2021-07-21,-20,Coronavirus 2019-nCoV
194,2021-07-22,-20,Coronavirus 2019-nCoV
195,2021-07-23,-20,Coronavirus 2019-nCoV
196,2021-07-24,-20,Coronavirus 2019-nCoV
197,2021-07-25,-20,Coronavirus 2019-nCoV
198,2021-07-26,-20,Coronavirus 2019-nCoV
199,2021-07-27,-20,Coronavirus 2019-nCoV
200,2021-07-28,-20,Coronavirus 2019-nCoV
201,2021-07-29,-20,Coronavirus 2019-nCoV
202,2021-07-30,-20,Coronavirus 2019-nCoV
203,2021-07-31,-20,Coronavirus 2019-nCoV
204,2021-08-01,-20,Coronavirus 2019-nCoV
205,2021-08-02,-20,Coronavirus 2019-nCoV
206,2021-08-03,-20,Coronavirus 2019-nCoV
207,2021-08-04,-20,Coronavirus 2019-nCoV
208,2021-08-05,-20,Coronavirus 2019-nCoV
209,2021-08-06,-20,Coronavirus 2019-nCoV
210,2021-08-07,-20,Coronavirus 2019-nCoV
211,2021-08-08,-20,Coronavirus 2019-nCoV
212,2021-08-09,-20,Coronavirus 2019-nCoV
213,2021-08-10,-20,Coronavirus 2019-nCoV
214,2021-08-11,-20,Coronavirus 2019-nCoV
215,2021-08-12,-20,Coronavirus 2019-nCoV
216,2021-08-13,-20,Coronavirus 2019-nCoV
217,2021-08-14,-20,Coronavirus 2019-nCoV
218,2021-08-15,-20,Coronavirus 2019-nCoV
219,2021-08-16,-20,Coronavirus 2019-nCoV
220,2021-08-17,-20,Coronavirus 2019-nCoV
221,2021-08-18,-20,Coronavirus 2019-nCoV
222,2021-08-19,-20,Coronavirus 2019-nCoV
223,2021-08-20,-20,Coronavirus 2019-nCoV
224,2021-08-21,-20,Coronavirus 2019-nCoV
225,2021-08-22,-20,Coronavirus 2019-nCoV
226,2021-08-23,-20,Coronavirus 2019-nCoV
227,2021-05-13,-21,Coronavirus 2019-nCoV
228,2021-05-14,-21,Coronavirus 2019-nCoV
229,2021-05-15,-21,Coronavirus 2019-nCoV
230,2021-05-16,-21,Coronavirus 2019-nCoV
231,2021-05-17,-21,Coronavirus 2019-nCoV
232,2021-05-18,-21,Coronavirus 2019-nCoV
233,2021-05-07,-22,Coronavirus 2019-nCoV
234,2021-05-08,-22,Coronavirus 2019-nCoV
235,2021-05-09,-22,Coronavirus 2019-nCoV
236,2021-05-10,-22,Coronavirus 2019-nCoV
237,2021-05-11,-22,Coronavirus 2019-nCoV
238,2021-05-12,-22,Coronavirus 2019-nCoV
239,2021-05-01,-23,Coronavirus 2019-nCoV
240,2021-05-02,-23,Coronavirus 2019-nCoV
241,2021-05-03,-23,Coronavirus 2019-nCoV
242,2021-05-04,-23,Coronavirus 2019-nCoV
243,2021-05-05,-23,Coronavirus 2019-nCoV
244,2021-05-06,-23,Coronavirus 2019-nCoV
245,2020-10-29,-24,Coronavirus 2019-nCoV
246,2020-10-30,-24,Coronavirus 2019-nCoV
247,2020-10-31,-24,Coronavirus 2019-nCoV
248,2020-11-01,-24,Coronavirus 2019-nCoV
249,2020-11-02,-24,Coronavirus 2019-nCoV
250,2020-11-03,-24,Coronavirus 2019-nCoV
251,2020-11-04,-24,Coronavirus 2019-nCoV
252,2020-11-05,-24,Coronavirus 2019-nCoV
253,2020-11-06,-24,Coronavirus 2019-nCoV
254,2020-11-07,-24,Coronavirus 2019-nCoV
255,2020-11-08,-24,Coronavirus 2019-nCoV
256,2020-11-09,-24,Coronavirus 2019-nCoV
257,2020-11-10,-24,Coronavirus 2019-nCoV
258,2020-11-11,-24,Coronavirus 2019-nCoV
259,2020-11-12,-24,Coronavirus 2019-nCoV
260,2020-11-13,-24,Coronavirus 2019-nCoV
261,2020-11-14,-24,Coronavirus 2019-nCoV
262,2020-11-15,-24,Coronavirus 2019-nCoV
263,2020-11-16,-24,Coronavirus 2019-nCoV
264,2020-11-17,-24,Coronavirus 2019-nCoV
265,2020-11-18,-24,Coronavirus 2019-nCoV
266,2020-11-19,-24,Coronavirus 2019-nCoV
267,2020-11-20,-24,Coronavirus 2019-nCoV
268,2020-11-21,-24,Coronavirus 2019-nCoV
269,2020-11-22,-24,Coronavirus 2019-nCoV
270,2020-11-23,-24,Coronavirus 2019-nCoV
271,2020-11-24,-24,Coronavirus 2019-nCoV
272,2020-11-25,-24,Coronavirus 2019-nCoV
273,2020-11-26,-24,Coronavirus 2019-nCoV
274,2020-11-27,-24,Coronavirus 2019-nCoV
275,2020-11-28,-24,Coronavirus 2019-nCoV
276,2020-11-29,-24,Coronavirus 2019-nCoV
277,2020-11-30,-24,Coronavirus 2019-nCoV
278,2020-12-01,-24,Coronavirus 2019-nCoV
279,2020-12-02,-24,Coronavirus 2019-nCoV
280,2020-12-03,-24,Coronavirus 2019-nCoV
281,2020-12-04,-24,Coronavirus 2019-nCoV
282,2020-12-05,-24,Coronavirus 2019-nCoV
283,2020-12-06,-24,Coronavirus 2019-nCoV
284,2020-12-07,-24,Coronavirus 2019-nCoV
285,2020-12-08,-24,Coronavirus 2019-nCoV
286,2020-12-09,-24,Coronavirus 2019-nCoV
287,2020-12-10,-24,Coronavirus 2019-nCoV
288,2020-12-11,-24,Coronavirus 2019-nCoV
289,2020-12-12,-24,Coronavirus 2019-nCoV
290,2020-12-13,-24,Coronavirus 2019-nCoV
291,2020-12-14,-24,Coronavirus 2019-nCoV
292,2020-12-15,-24,Coronavirus 2019-nCoV
293,2020-12-16,-24,Coronavirus 2019-nCoV
294,2020-12-17,-24,Coronavirus 2019-nCoV
295,2020-12-18,-24,Coronavirus 2019-nCoV
296,2020-12-19,-24,Coronavirus 2019-nCoV
297,2020-12-20,-24,Coronavirus 2019-nCoV
298,2020-12-21,-24,Coronavirus 2019-nCoV
299,2020-12-22,-24,Coronavirus 2019-nCoV
300,2020-12-23,-24,Coronavirus 2019-nCoV
301,2020-12-24,-24,Coronavirus 2019-nCoV
302,2020-12-25,-24,Coronavirus 2019-nCoV
303,2020-12-26,-24,Coronavirus 2019-nCoV
304,2020-12-27,-24,Coronavirus 2019-nCoV
305,2020-12-28,-24,Coronavirus 2019-nCoV
306,2020-12-29,-24,Coronavirus 2019-nCoV
307,2020-12-30,-24,Coronavirus 2019-nCoV
308,2020-12-31,-24,Coronavirus 2019-nCoV
309,2021-01-01,-24,Coronavirus 2019-nCoV
310,2021-01-02,-24,Coronavirus 2019-nCoV
311,2021-01-03,-24,Coronavirus 2019-nCoV
312,2021-01-04,-24,Coronavirus 2019-nCoV
313,2021-01-05,-24,Coronavirus 2019-nCoV
314,2021-01-06,-24,Coronavirus 2019-nCoV
315,2021-01-07,-24,Coronavirus 2019-nCoV
316,2021-01-08,-24,Coronavirus 2019-nCoV
317,2021-01-09,-24,Coronavirus 2019-nCoV
318,2021-01-10,-24,Coronavirus 2019-nCoV
319,2021-01-11,-24,Coronavirus 2019-nCoV
320,2021-01-12,-24,Coronavirus 2019-nCoV
321,2021-01-13,-24,Coronavirus 2019-nCoV
322,2021-01-14,-24,Coronavirus 2019-nCoV
323,2021-01-15,-24,Coronavirus 2019-nCoV
324,2021-01-16,-24,Coronavirus 2019-nCoV
325,2021-01-17,-24,Coronavirus 2019-nCoV
326,2021-01-18,-24,Coronavirus 2019-nCoV
327,2021-01-19,-24,Coronavirus 2019-nCoV
328,2021-01-20,-24,Coronavirus 2019-nCoV
329,2021-01-21,-24,Coronavirus 2019-nCoV
330,2021-01-22,-24,Coronavirus 2019-nCoV
331,2021-01-23,-24,Coronavirus 2019-nCoV
332,2021-01-24,-24,Coronavirus 2019-nCoV
333,2021-01-25,-24,Coronavirus 2019-nCoV
334,2021-01-26,-24,Coronavirus 2019-nCoV
335,2021-01-27,-24,Coronavirus 2019-nCoV
336,2021-01-28,-24,Coronavirus 2019-nCoV
337,2021-01-29,-24,Coronavirus 2019-nCoV
338,2021-01-30,-24,Coronavirus 2019-nCoV
339,2021-01-31,-24,Coronavirus 2019-nCoV
340,2021-02-01,-24,Coronavirus 2019-nCoV
341,2021-02-02,-24,Coronavirus 2019-nCoV
342,2021-02-03,-24,Coronavirus 2019-nCoV
343,2021-02-04,-24,Coronavirus 2019-nCoV
344,2021-02-05,-24,Coronavirus 2019-nCoV
345,2021-02-06,-24,Coronavirus 2019-nCoV
346,2021-02-07,-24,Coronavirus 2019-nCoV
347,2021-02-08,-24,Coronavirus 2019-nCoV
348,2021-02-09,-24,Coronavirus 2019-nCoV
349,2021-02-10,-24,Coronavirus 2019-nCoV
350,2021-02-11,-24,Coronavirus 2019-nCoV
351,2021-02-12,-24,Coronavirus 2019-nCoV
352,2021-02-13,-24,Coronavirus 2019-nCoV
353,2021-02-14,-24,Coronavirus 2019-nCoV
354,2021-02-15,-24,Coronavirus 2019-nCoV
355,2021-02-16,-24,Coronavirus 2019-nCoV
356,2021-02-17,-24,Coronavirus 2019-nCoV
357,2021-02-18,-24,Coronavirus 2019-nCoV
358,2021-02-19,-24,Coronavirus 2019-nCoV
359,2021-02-20,-24,Coronavirus 2019-nCoV
360,2021-02-21,-24,Coronavirus 2019-nCoV
361,2021-02-22,-24,Coronavirus 2019-nCoV
362,2021-02-23,-24,Coronavirus 2019-nCoV
363,2021-02-24,-24,Coronavirus 2019-nCoV
364,2021-02-25,-24,Coronavirus 2019-nCoV
365,2021-02-26,-24,Coronavirus 2019-nCoV
366,2021-02-27,-24,Coronavirus 2019-nCoV
367,2021-02-28,-24,Coronavirus 2019-nCoV
368,2021-03-01,-24,Coronavirus 2019-nCoV
369,2021-03-02,-24,Coronavirus 2019-nCoV
370,2021-03-03,-24,Coronavirus 2019-nCoV
371,2021-03-04,-24,Coronavirus 2019-nCoV
372,2021-03-05,-24,Coronavirus 2019-nCoV
373,2021-03-06,-24,Coronavirus 2019-nCoV
374,2021-03-07,-24,Coronavirus 2019-nCoV
375,2021-03-08,-24,Coronavirus 2019-nCoV
376,2021-03-09,-24,Coronavirus 2019-nCoV
377,2021-03-10,-24,Coronavirus 2019-nCoV
378,2021-03-11,-24,Coronavirus 2019-nCoV
379,2021-03-12,-24,Coronavirus 2019-nCoV
380,2021-03-13,-24,Coronavirus 2019-nCoV
381,2021-03-14,-24,Coronavirus 2019-nCoV
382,2021-03-15,-24,Coronavirus 2019-nCoV
383,2021-03-16,-24,Coronavirus 2019-nCoV
384,2021-03-17,-24,Coronavirus 2019-nCoV
385,2021-03-18,-24,Coronavirus 2019-nCoV
386,2021-03-19,-24,Coronavirus 2019-nCoV
387,2021-03-20,-24,Coronavirus 2019-nCoV
388,2021-03-21,-24,Coronavirus 2019-nCoV
389,2021-03-22,-24,Coronavirus 2019-nCoV
390,2021-03-23,-24,Coronavirus 2019-nCoV
391,2021-03-24,-24,Coronavirus 2019-nCoV
392,2021-03-25,-24,Coronavirus 2019-nCoV
393,2021-03-26,-24,Coronavirus 2019-nCoV
394,2021-03-27,-24,Coronavirus 2019-nCoV
395,2021-03-28,-24,Coronavirus 2019-nCoV
396,2021-03-29,-24,Coronavirus 2019-nCoV
397,2021-03-30,-24,Coronavirus 2019-nCoV
398,2021-03-31,-24,Coronavirus 2019-nCoV
399,2021-04-01,-24,Coronavirus 2019-nCoV
400,2021-04-02,-24,Coronavirus 2019-nCoV
401,2021-04-03,-24,Coronavirus 2019-nCoV
402,2021-04-04,-24,Coronavirus 2019-nCoV
403,2021-04-05,-24,Coronavirus 2019-nCoV
404,2021-04-06,-24,Coronavirus 2019-nCoV
405,2021-04-07,-24,Coronavirus 2019-nCoV
406,2021-04-08,-24,Coronavirus 2019-nCoV
407,2021-04-09,-24,Coronavirus 2019-nCoV
408,2021-04-10,-24,Coronavirus 2019-nCoV
409,2021-04-11,-24,Coronavirus 2019-nCoV
410,2021-04-12,-24,Coronavirus 2019-nCoV
411,2021-04-13,-24,Coronavirus 2019-nCoV
412,2021-04-14,-24,Coronavirus 2019-nCoV
413,2021-04-15,-24,Coronavirus 2019-nCoV
414,2021-04-16,-24,Coronavirus 2019-nCoV
415,2021-04-17,-24,Coronavirus 2019-nCoV
416,2021-04-18,-24,Coronavirus 2019-nCoV
417,2021-04-19,-24,Coronavirus 2019-nCoV
418,2021-04-20,-24,Coronavirus 2019-nCoV
419,2021-04-21,-24,Coronavirus 2019-nCoV
420,2021-04-22,-24,Coronavirus 2019-nCoV
421,2021-04-23,-24,Coronavirus 2019-nCoV
422,2021-04-24,-24,Coronavirus 2019-nCoV
423,2021-04-25,-24,Coronavirus 2019-nCoV
424,2021-04-26,-24,Coronavirus 2019-nCoV
425,2021-04-27,-24,Coronavirus 2019-nCoV
426,2021-04-28,-24,Coronavirus 2019-nCoV
427,2021-04-29,-24,Coronavirus 2019-nCoV
428,2021-04-30,-24,Coronavirus 2019-nCoV
429,2020-09-01,-20,Coronavirus 2019-nCoV
430,2020-09-02,-20,Coronavirus 2019-nCoV
431,2020-09-03,-20,Coronavirus 2019-nCoV
432,2020-09-04,-20,Coronavirus 2019-nCoV
433,2020-09-05,-20,Coronavirus 2019-nCoV
434,2020-09-06,-20,Coronavirus 2019-nCoV
435,2020-09-07,-20,Coronavirus 2019-nCoV
436,2020-09-08,-20,Coronavirus 2019-nCoV
437,2020-09-09,-20,Coronavirus 2019-nCoV
438,2020-09-10,-20,Coronavirus 2019-nCoV
439,2020-09-11,-20,Coronavirus 2019-nCoV
440,2020-09-12,-20,Coronavirus 2019-nCoV
441,2020-09-13,-20,Coronavirus 2019-nCoV
442,2020-09-14,-20,Coronavirus 2019-nCoV
443,2020-09-15,-20,Coronavirus 2019-nCoV
444,2020-09-16,-20,Coronavirus 2019-nCoV
445,2020-09-17,-20,Coronavirus 2019-nCoV
446,2020-09-18,-20,Coronavirus 2019-nCoV
447,2020-09-19,-20,Coronavirus 2019-nCoV
448,2020-09-20,-20,Coronavirus 2019-nCoV
449,2020-09-21,-20,Coronavirus 2019-nCoV
450,2020-09-22,-20,Coronavirus 2019-nCoV
451,2020-09-23,-20,Coronavirus 2019-nCoV
452,2020-09-24,-20,Coronavirus 2019-nCoV
453,2020-09-25,-20,Coronavirus 2019-nCoV
454,2020-09-26,-20,Coronavirus 2019-nCoV
455,2020-09-27,-20,Coronavirus 2019-nCoV
456,2020-09-28,-20,Coronavirus 2019-nCoV
457,2020-09-29,-20,Coronavirus 2019-nCoV
458,2020-09-30,-20,Coronavirus 2019-nCoV
459,2020-10-01,-20,Coronavirus 2019-nCoV
460,2020-10-02,-20,Coronavirus 2019-nCoV
461,2020-10-03,-20,Coronavirus 2019-nCoV
462,2020-10-04,-20,Coronavirus 2019-nCoV
463,2020-10-05,-20,Coronavirus 2019-nCoV
464,2020-10-06,-20,Coronavirus 2019-nCoV
465,2020-10-07,-20,Coronavirus 2019-nCoV
466,2020-10-08,-20,Coronavirus 2019-nCoV
467,2020-10-09,-20,Coronavirus 2019-nCoV
468,2020-10-10,-20,Coronavirus 2019-nCoV
469,2020-10-11,-20,Coronavirus 2019-nCoV
470,2020-10-12,-20,Coronavirus 2019-nCoV
471,2020-10-13,-20,Coronavirus 2019-nCoV
472,2020-10-14,-20,Coronavirus 2019-nCoV
473,2020-10-15,-20,Coronavirus 2019-nCoV
474,2020-10-16,-20,Coronavirus 2019-nCoV
475,2020-10-17,-20,Coronavirus 2019-nCoV
476,2020-10-18,-20,Coronavirus 2019-nCoV
477,2020-10-19,-20,Coronavirus 2019-nCoV
478,2020-10-20,-20,Coronavirus 2019-nCoV
479,2020-10-21,-20,Coronavirus 2019-nCoV
480,2020-10-22,-20,Coronavirus 2019-nCoV
481,2020-10-23,-20,Coronavirus 2019-nCoV
482,2020-10-24,-20,Coronavirus 2019-nCoV
483,2020-10-25,-20,Coronavirus 2019-nCoV
484,2020-10-26,-20,Coronavirus 2019-nCoV
485,2020-10-27,-20,Coronavirus 2019-nCoV
486,2020-10-28,-20,Coronavirus 2019-nCoV
487,2020-08-16,-21,Coronavirus 2019-nCoV
488,2020-08-17,-21,Coronavirus 2019-nCoV
489,2020-08-18,-21,Coronavirus 2019-nCoV
490,2020-08-19,-21,Coronavirus 2019-nCoV
491,2020-08-20,-21,Coronavirus 2019-nCoV
492,2020-08-21,-21,Coronavirus 2019-nCoV
493,2020-08-22,-21,Coronavirus 2019-nCoV
494,2020-08-23,-21,Coronavirus 2019-nCoV
495,2020-08-24,-21,Coronavirus 2019-nCoV
496,2020-08-25,-21,Coronavirus 2019-nCoV
497,2020-08-26,-21,Coronavirus 2019-nCoV
498,2020-08-27,-21,Coronavirus 2019-nCoV
499,2020-08-28,-21,Coronavirus 2019-nCoV
500,2020-08-29,-21,Coronavirus 2019-nCoV
501,2020-08-30,-21,Coronavirus 2019-nCoV
502,2020-08-31,-21,Coronavirus 2019-nCoV
503,2020-08-02,-22,Coronavirus 2019-nCoV
504,2020-08-03,-22,Coronavirus 2019-nCoV
505,2020-08-04,-22,Coronavirus 2019-nCoV
506,2020-08-05,-22,Coronavirus 2019-nCoV
507,2020-08-06,-22,Coronavirus 2019-nCoV
508,2020-08-07,-22,Coronavirus 2019-nCoV
509,2020-08-08,-22,Coronavirus 2019-nCoV
510,2020-08-09,-22,Coronavirus 2019-nCoV
511,2020-08-10,-22,Coronavirus 2019-nCoV
512,2020-08-11,-22,Coronavirus 2019-nCoV
513,2020-08-12,-22,Coronavirus 2019-nCoV
514,2020-08-13,-22,Coronavirus 2019-nCoV
515,2020-08-14,-22,Coronavirus 2019-nCoV
516,2020-08-15,-22,Coronavirus 2019-nCoV
517,2020-06-26,-23,Coronavirus 2019-nCoV
518,2020-06-27,-23,Coronavirus 2019-nCoV
519,2020-06-28,-23,Coronavirus 2019-nCoV
520,2020-06-29,-23,Coronavirus 2019-nCoV
521,2020-06-30,-23,Coronavirus 2019-nCoV
522,2020-07-01,-23,Coronavirus 2019-nCoV
523,2020-07-02,-23,Coronavirus 2019-nCoV
524,2020-07-03,-23,Coronavirus 2019-nCoV
525,2020-07-04,-23,Coronavirus 2019-nCoV
526,2020-07-05,-23,Coronavirus 2019-nCoV
527,2020-07-06,-23,Coronavirus 2019-nCoV
528,2020-07-07,-23,Coronavirus 2019-nCoV
529,2020-07-08,-23,Coronavirus 2019-nCoV
530,2020-07-09,-23,Coronavirus 2019-nCoV
531,2020-07-10,-23,Coronavirus 2019-nCoV
532,2020-07-11,-23,Coronavirus 2019-nCoV
533,2020-07-12,-23,Coronavirus 2019-nCoV
534,2020-07-13,-23,Coronavirus 2019-nCoV
535,2020-07-14,-23,Coronavirus 2019-nCoV
536,2020-07-15,-23,Coronavirus 2019-nCoV
537,2020-07-16,-23,Coronavirus 2019-nCoV
538,2020-07-17,-23,Coronavirus 2019-nCoV
539,2020-07-18,-23,Coronavirus 2019-nCoV
540,2020-07-19,-23,Coronavirus 2019-nCoV
541,2020-07-20,-23,Coronavirus 2019-nCoV
542,2020-07-21,-23,Coronavirus 2019-nCoV
543,2020-07-22,-23,Coronavirus 2019-nCoV
544,2020-07-23,-23,Coronavirus 2019-nCoV
545,2020-07-24,-23,Coronavirus 2019-nCoV
546,2020-07-25,-23,Coronavirus 2019-nCoV
547,2020-07-26,-23,Coronavirus 2019-nCoV
548,2020-07-27,-23,Coronavirus 2019-nCoV
549,2020-07-28,-23,Coronavirus 2019-nCoV
550,2020-07-29,-23,Coronavirus 2019-nCoV
551,2020-07-30,-23,Coronavirus 2019-nCoV
552,2020-07-31,-23,Coronavirus 2019-nCoV
553,2020-08-01,-23,Coronavirus 2019-nCoV
554,2020-06-21,-24,Coronavirus 2019-nCoV
555,2020-06-22,-24,Coronavirus 2019-nCoV
556,2020-06-23,-24,Coronavirus 2019-nCoV
557,2020-06-24,-24,Coronavirus 2019-nCoV
558,2020-06-25,-24,Coronavirus 2019-nCoV
559,2020-06-15,-25,Coronavirus 2019-nCoV
560,2020-06-16,-25,Coronavirus 2019-nCoV
561,2020-06-17,-25,Coronavirus 2019-nCoV
562,2020-06-18,-25,Coronavirus 2019-nCoV
563,2020-06-19,-25,Coronavirus 2019-nCoV
564,2020-06-20,-25,Coronavirus 2019-nCoV
565,2020-06-08,-26,Coronavirus 2019-nCoV
566,2020-06-09,-26,Coronavirus 2019-nCoV
567,2020-06-10,-26,Coronavirus 2019-nCoV
568,2020-06-11,-26,Coronavirus 2019-nCoV
569,2020-06-12,-26,Coronavirus 2019-nCoV
570,2020-06-13,-26,Coronavirus 2019-nCoV
571,2020-06-14,-26,Coronavirus 2019-nCoV
572,2020-06-05,-27,Coronavirus 2019-nCoV
573,2020-06-06,-27,Coronavirus 2019-nCoV
574,2020-06-07,-27,Coronavirus 2019-nCoV
575,2020-06-02,-28,Coronavirus 2019-nCoV
576,2020-06-03,-28,Coronavirus 2019-nCoV
577,2020-06-04,-28,Coronavirus 2019-nCoV
578,2020-05-25,-29,Coronavirus 2019-nCoV
579,2020-05-26,-29,Coronavirus 2019-nCoV
580,2020-05-27,-29,Coronavirus 2019-nCoV
581,2020-05-28,-29,Coronavirus 2019-nCoV
582,2020-05-29,-29,Coronavirus 2019-nCoV
583,2020-05-30,-29,Coronavirus 2019-nCoV
584,2020-05-31,-29,Coronavirus 2019-nCoV
585,2020-06-01,-29,Coronavirus 2019-nCoV
586,2020-03-31,-30,Coronavirus 2019-nCoV
587,2020-04-01,-30,Coronavirus 2019-nCoV
588,2020-04-02,-30,Coronavirus 2019-nCoV
589,2020-04-03,-30,Coronavirus 2019-nCoV
590,2020-04-04,-30,Coronavirus 2019-nCoV
591,2020-04-05,-30,Coronavirus 2019-nCoV
592,2020-04-06,-30,Coronavirus 2019-nCoV
593,2020-04-07,-30,Coronavirus 2019-nCoV
594,2020-04-08,-30,Coronavirus 2019-nCoV
595,2020-04-09,-30,Coronavirus 2019-nCoV
596,2020-04-10,-30,Coronavirus 2019-nCoV
597,2020-04-11,-30,Coronavirus 2019-nCoV
598,2020-04-12,-30,Coronavirus 2019-nCoV
599,2020-04-13,-30,Coronavirus 2019-nCoV
600,2020-04-14,-30,Coronavirus 2019-nCoV
601,2020-04-15,-30,Coronavirus 2019-nCoV
602,2020-04-16,-30,Coronavirus 2019-nCoV
603,2020-04-17,-30,Coronavirus 2019-nCoV
604,2020-04-18,-30,Coronavirus 2019-nCoV
605,2020-04-19,-30,Coronavirus 2019-nCoV
606,2020-04-20,-30,Coronavirus 2019-nCoV
607,2020-04-21,-30,Coronavirus 2019-nCoV
608,2020-04-22,-30,Coronavirus 2019-nCoV
609,2020-04-23,-30,Coronavirus 2019-nCoV
610,2020-04-24,-30,Coronavirus 2019-nCoV
611,2020-04-25,-30,Coronavirus 2019-nCoV
612,2020-04-26,-30,Coronavirus 2019-nCoV
613,2020-04-27,-30,Coronavirus 2019-nCoV
614,2020-04-28,-30,Coronavirus 2019-nCoV
615,2020-04-29,-30,Coronavirus 2019-nCoV
616,2020-04-30,-30,Coronavirus 2019-nCoV
617,2020-05-01,-30,Coronavirus 2019-nCoV
618,2020-05-02,-30,Coronavirus 2019-nCoV
619,2020-05-03,-30,Coronavirus 2019-nCoV
620,2020-05-04,-30,Coronavirus 2019-nCoV
621,2020-05-05,-30,Coronavirus 2019-nCoV
622,2020-05-06,-30,Coronavirus 2019-nCoV
623,2020-05-07,-30,Coronavirus 2019-nCoV
624,2020-05-08,-30,Coronavirus 2019-nCoV
625,2020-05-09,-30,Coronavirus 2019-nCoV
626,2020-05-10,-30,Coronavirus 2019-nCoV
627,2020-05-11,-30,Coronavirus 2019-nCoV
628,2020-05-12,-30,Coronavirus 2019-nCoV
629,2020-05-13,-30,Coronavirus 2019-nCoV
630,2020-05-14,-30,Coronavirus 2019-nCoV
631,2020-05-15,-30,Coronavirus 2019-nCoV
632,2020-05-16,-30,Coronavirus 2019-nCoV
633,2020-05-17,-30,Coronavirus 2019-nCoV
634,2020-05-18,-30,Coronavirus 2019-nCoV
635,2020-05-19,-30,Coronavirus 2019-nCoV
636,2020-05-20,-30,Coronavirus 2019-nCoV
637,2020-05-21,-30,Coronavirus 2019-nCoV
638,2020-05-22,-30,Coronavirus 2019-nCoV
639,2020-05-23,-30,Coronavirus 2019-nCoV
640,2020-05-24,-30,Coronavirus 2019-nCoV
641,2020-03-29,-29,Coronavirus 2019-nCoV
642,2020-03-30,-29,Coronavirus 2019-nCoV
643,2020-03-27,-28,Coronavirus 2019-nCoV
644,2020-03-28,-28,Coronavirus 2019-nCoV
645,2020-03-25,-27,Coronavirus 2019-nCoV
646,2020-03-26,-27,Coronavirus 2019-nCoV
647,2020-03-23,-26,Coronavirus 2019-nCoV
648,2020-03-24,-26,Coronavirus 2019-nCoV
649,2020-03-21,-25,Coronavirus 2019-nCoV
650,2020-03-22,-25,Coronavirus 2019-nCoV
651,2020-03-19,-24,Coronavirus 2019-nCoV
652,2020-03-20,-24,Coronavirus 2019-nCoV
653,2020-03-17,-23,Coronavirus 2019-nCoV
654,2020-03-18,-23,Coronavirus 2019-nCoV
655,2020-03-15,-22,Coronavirus 2019-nCoV
656,2020-03-16,-22,Coronavirus 2019-nCoV
657,2020-03-14,-21,"Coronavirus 2019-nCoV, Swedish State Departement advise against non-essential travel to all coutries"
658,2020-03-13,-20,Coronavirus 2019-nCoV
659,2020-03-12,-19,"Coronavirus 2019-nCoV, all inbound flights from Europe stopped by US govn"
660,2020-02-27,-17,Coronavirus 2019-nCoV
661,2020-02-28,-17,Coronavirus 2019-nCoV
662,2020-02-29,-17,Coronavirus 2019-nCoV
663,2020-03-01,-17,Coronavirus 2019-nCoV
664,2020-03-02,-17,Coronavirus 2019-nCoV
665,2020-03-03,-17,Coronavirus 2019-nCoV
666,2020-03-04,-17,Coronavirus 2019-nCoV
667,2020-03-05,-17,Coronavirus 2019-nCoV
668,2020-03-06,-17,Coronavirus 2019-nCoV
669,2020-03-07,-17,Coronavirus 2019-nCoV
670,2020-03-08,-17,Coronavirus 2019-nCoV
671,2020-03-09,-17,Coronavirus 2019-nCoV
672,2020-03-10,-17,Coronavirus 2019-nCoV
673,2020-03-11,-17,Coronavirus 2019-nCoV
674,2020-03-07,-4,Eurovision Sweden finals
675,2020-02-26,-13,Coronavirus 2019-nCoV Andra faller bekräftat i Sverige (Göteborg)
676,2020-02-25,-10,Coronavirus 2019-nCoV 
677,2020-02-24,-8,Coronavirus 2019-nCoV Nådde Italien i stor skala
678,2020-02-23,-6,Coronavirus 2019-nCoV Nådde Italien i stor skala
679,2020-02-07,-4,Coronavirus 2019-nCoV
680,2020-02-08,-4,Coronavirus 2019-nCoV
681,2020-02-09,-4,Coronavirus 2019-nCoV
682,2020-02-10,-4,Coronavirus 2019-nCoV
683,2020-02-11,-4,Coronavirus 2019-nCoV
684,2020-02-12,-4,Coronavirus 2019-nCoV
685,2020-02-13,-4,Coronavirus 2019-nCoV
686,2020-02-14,-4,Coronavirus 2019-nCoV
687,2020-02-15,-4,Coronavirus 2019-nCoV
688,2020-02-16,-4,Coronavirus 2019-nCoV
689,2020-02-17,-4,Coronavirus 2019-nCoV
690,2020-02-18,-4,Coronavirus 2019-nCoV
691,2020-02-19,-4,Coronavirus 2019-nCoV
692,2020-02-20,-4,Coronavirus 2019-nCoV
693,2020-02-21,-4,Coronavirus 2019-nCoV
694,2020-02-22,-4,Coronavirus 2019-nCoV
695,2020-02-03,-3,Coronavirus 2019-nCoV
696,2020-02-04,-3,Coronavirus 2019-nCoV
697,2020-02-05,-3,Coronavirus 2019-nCoV
698,2020-02-06,-3,Coronavirus 2019-nCoV
699,2020-01-31,-2,Coronavirus 2019-nCoV
700,2020-02-01,-2,Coronavirus 2019-nCoV
701,2020-02-02,-2,Coronavirus 2019-nCoV
702,2020-01-25,-1,Coronavirus 2019-nCoV
703,2020-01-26,-1,Coronavirus 2019-nCoV
704,2020-01-27,-1,Coronavirus 2019-nCoV
705,2020-01-28,-1,Coronavirus 2019-nCoV
706,2020-01-29,-1,Coronavirus 2019-nCoV
707,2020-01-30,-1,Coronavirus 2019-nCoV
708,2020-01-16,-3,Problems with the site 16.00-18.20
709,2019-11-07,2,Lufthansa strike 18 departures from Sweden cancelled 
710,2019-11-04,0,"New call to action 'Gå till resa' added to increase conversion rate, it did från 22 to 28%(version+1"
711,2019-11-01,-4,Perturbations due to launch of new design
712,2019-11-02,-4,Perturbations due to launch of new design
713,2019-11-03,-4,Perturbations due to launch of new design
714,2019-10-29,-8,Perturbations due to launch of new design
715,2019-10-30,-8,Perturbations due to launch of new design
716,2019-10-31,-8,Perturbations due to launch of new design
717,2019-09-23,5,Thomas Cook (Ving's owner) went bankrupt today
718,2019-09-10,-2,Unexpectedly warm and sunny weather in large parts of the Sweden
719,2019-04-26,10,SAS pilots strike. All trips cancelled and people need to rebook them selves
720,2019-04-27,10,SAS pilots strike. All trips cancelled and people need to rebook them selves
721,2019-04-28,10,SAS pilots strike. All trips cancelled and people need to rebook them selves
722,2019-04-29,10,SAS pilots strike. All trips cancelled and people need to rebook them selves
723,2019-01-31,-2,Tele2 reported big problem with their mobile network until at least 06.30
724,2019-01-27,-5,Snow storm West/South of Sweden
725,2018-11-23,6,"Black Friday, some airlines seems to dump really cheap fares even in the OTA channel"
726,2018-09-09,-10,Election day in Sweden
727,2018-07-03,-6,Sverige - Schweiz åttondelsfinal  Soccer World Championship
728,2018-06-26,-8,Warm weather even for this season
729,2018-06-27,-8,Warm weather even for this season
730,2018-06-28,-8,Warm weather even for this season
731,2018-06-27,-4,Sverige - Mexico Soccer World Championship
732,2018-06-23,-4,Sverige - Tyskland Soccer World Championship
733,2018-05-05,-10,Warm weather
734,2018-05-06,-10,Warm weather
735,2018-05-07,-10,Warm weather
736,2018-05-08,-10,Warm weather
737,2018-05-09,-10,Warm weather
738,2018-05-10,-10,Warm weather
739,2018-05-11,-10,Warm weather
740,2018-05-12,-10,Warm weather
741,2018-05-13,-10,Warm weather
742,2018-05-14,-10,Warm weather
743,2018-05-15,-10,Warm weather
744,2018-05-16,-10,Warm weather
745,2018-05-17,-10,Warm weather
746,2018-05-18,-10,Warm weather
747,2018-05-19,-10,Warm weather
748,2018-05-20,-10,Warm weather
749,2018-05-21,-10,Warm weather
750,2018-05-22,-10,Warm weather
751,2018-05-23,-10,Warm weather
752,2018-05-24,-10,Warm weather
753,2018-05-25,-10,Warm weather
754,2018-04-26,-3,Staility issues on the site. Loadtimes are long
755,2018-04-13,-2,Routing issues 10-14 at IP-Only decrease traffic
756,2018-03-21,0,We are testing to stop alla our search [Google and Bing]
757,2018-03-22,0,We are testing to stop alla our search [Google and Bing]
758,2018-03-19,-3,A one hour outage on the site around 13.40 to 14.40
759,2018-03-08,3,Momondo has major issues
760,2018-03-09,3,Momondo has major issues
761,2018-03-10,3,Momondo has major issues
762,2018-03-11,3,Momondo has major issues
763,2018-03-12,3,Momondo has major issues
764,2018-02-23,-3,extreme snow weather
765,2018-02-24,-3,extreme snow weather
766,2018-02-25,-3,extreme snow weather
767,2018-02-26,-3,extreme snow weather
768,2018-02-27,-3,extreme snow weather
769,2018-02-28,-3,extreme snow weather
770,2018-03-01,-3,extreme snow weather
771,2018-02-15,-3,Swedish skiiing gold and then more Olympics
772,2018-02-14,-3,Sweden vs South Korea Curling - Olympics and other olympics
773,2018-02-13,-4,Olympic gold for Sweden in skiiing during olympics
